Sample_ID,CAG-1000,Cutibacterium,Merdimonas,Eggerthella,Gordonibacter,Symbiopectobacterium,Blautia,Flavonifractor,CAG-170,Limosilactobacillus,UBA9414,Mangrovibacter,Jejubacter,Arsenophonus,Ruminococcus_B,CAG-724,Aulosira,An181,Christensenella,Rouxiella,UMGS1251,Fimimorpha,Mixta,Alistipes,Leptotrichia,Yersinia,Polynucleobacter,UBA11774,Phocaeicola,Campylobacter_B,Olleya,Harryflintia,Kluyvera,Bifidobacterium,Eubacterium_J,Terrisporobacter,Ligilactobacillus,Longicatena,Filimonas,UMGS1370,Liquorilactobacillus,Egerieimonas_A,Veillonella,Caccenecus,Allisonella,CAG-103,Chania,CAG-83,Galliscardovia,Streptococcus,Alloprevotella,Bittarella,Sporofaciens,Centipeda,UBA1174,Serratia,Anaerotignum,Citrobacter_A,Lancefieldella,Group
ID.10776,3.22E-05,5.34E-07,2.06E-05,2.23E-06,3.86E-05,0,0.001027798,0.00359315,4.82E-05,1.48E-05,4.13E-05,1.91E-07,6.67E-07,2.10E-07,0.006083325,4.52E-06,1.47E-06,8.69E-06,3.96E-06,5.91E-07,8.21E-05,7.77E-06,2.10E-07,0.00114448,3.75E-06,2.50E-06,6.90E-06,4.14E-05,0.302502942,7.24E-07,9.34E-07,5.34E-07,1.85E-06,0.025481456,1.63E-05,9.03E-06,3.27E-05,1.26E-06,2.67E-07,7.58E-05,5.28E-06,2.86E-07,9.39E-04,1.80E-05,9.29E-04,7.60E-06,0,1.44E-04,1.09E-05,0.003410134,0.001246202,1.42E-05,3.26E-05,5.34E-07,0,7.43E-07,2.23E-04,9.13E-06,3.31E-05,Healthy
ID.10850,4.15E-06,8.06E-07,8.29E-06,3.44E-05,6.91E-07,1.24E-06,0.002108854,7.38E-04,1.50E-05,1.20E-05,1.06E-04,1.58E-05,5.04E-06,6.33E-07,0.033285759,3.74E-07,4.89E-07,4.45E-05,3.16E-05,1.04E-06,1.21E-04,1.24E-05,4.98E-06,0.001146178,4.58E-06,3.34E-05,1.07E-06,2.80E-05,0.446044798,3.48E-06,0,4.03E-07,7.13E-05,1.51E-04,2.70E-05,1.59E-05,1.15E-06,3.28E-06,0,1.33E-04,9.79E-07,1.70E-06,0.00382206,4.20E-06,0.001075299,3.40E-06,7.20E-07,8.15E-05,0,6.59E-04,1.44E-04,1.70E-05,9.31E-05,0,0,7.89E-06,2.89E-04,9.82E-05,4.21E-05,Healthy
ID.10543,2.53E-05,2.27E-06,5.18E-05,3.88E-04,3.29E-05,4.28E-07,0.011211539,6.19E-04,4.65E-05,2.90E-06,7.05E-05,0,0,0,0.008039277,4.71E-06,5.93E-07,3.61E-05,7.18E-05,0,2.27E-05,1.78E-05,0,0.015034616,4.28E-06,6.92E-07,2.44E-06,5.96E-05,0.163315853,9.22E-07,2.83E-06,1.14E-05,1.09E-06,1.10E-04,3.70E-05,1.42E-04,3.39E-06,9.68E-06,7.90E-07,1.15E-04,2.01E-06,1.68E-06,0.001323664,5.59E-05,3.95E-07,2.49E-04,0,9.71E-04,6.92E-07,0.002779006,3.20E-04,1.14E-04,9.27E-05,1.45E-06,0,1.09E-06,0.00259911,1.71E-06,3.70E-05,Healthy
ID.10246,5.04E-06,3.32E-06,1.42E-05,8.91E-04,1.46E-05,3.96E-06,0.014332045,0.0017755,4.88E-06,3.16E-06,1.55E-04,7.59E-06,1.25E-05,1.75E-06,0.04269277,0,9.21E-07,5.33E-05,3.10E-05,2.36E-06,1.84E-04,2.16E-05,9.80E-06,0.001805753,6.17E-06,1.26E-05,2.73E-06,3.26E-06,0.397559979,1.90E-06,1.07E-06,0,3.10E-05,0.015086664,4.55E-05,5.74E-06,1.78E-06,3.01E-06,0,7.53E-05,0,7.06E-07,0.002901577,3.31E-04,4.30E-07,4.85E-06,2.83E-06,3.19E-05,1.28E-05,8.44E-04,7.47E-04,1.26E-05,1.52E-04,9.21E-07,0,8.72E-06,3.03E-05,2.17E-04,2.49E-06,Healthy
ID.10156,1.31E-04,1.56E-06,1.64E-05,7.41E-06,2.03E-05,7.83E-06,3.28E-04,1.12E-04,9.67E-05,3.95E-04,1.03E-05,8.11E-05,1.39E-04,1.19E-05,1.75E-04,3.79E-06,1.42E-05,1.87E-06,3.21E-05,1.58E-05,5.85E-06,4.46E-06,1.98E-05,0.00337768,1.15E-05,2.90E-04,7.80E-07,0.001037846,0.015457839,3.62E-06,0,2.81E-06,2.48E-04,3.11E-04,1.95E-05,2.73E-06,8.64E-05,2.06E-06,3.62E-07,3.79E-05,2.84E-06,3.34E-07,0.009177261,9.47E-07,3.24E-04,0.004902347,2.16E-05,9.88E-04,3.34E-07,0.060243403,7.60E-04,3.09E-06,2.58E-05,1.82E-05,1.81E-05,7.48E-05,0.001170266,0.001230289,1.24E-04,Gastrectomy
ID.10684,1.19E-04,5.34E-07,1.14E-05,1.10E-05,1.28E-05,0,3.07E-04,2.65E-04,0.003163385,2.61E-06,3.91E-05,0,4.75E-07,0,4.96E-05,6.59E-05,5.04E-07,5.10E-06,2.57E-05,0,7.65E-06,6.44E-06,0,0.012677477,2.37E-06,8.90E-07,3.29E-06,8.70E-05,0.074318869,4.33E-06,0,7.53E-06,8.60E-07,8.66E-04,2.65E-05,1.67E-05,1.87E-06,6.53E-07,3.86E-07,3.19E-05,1.75E-06,2.14E-06,0.001124825,2.48E-05,4.45E-07,5.73E-04,0,0.009822081,6.53E-07,2.55E-04,0.00144189,8.60E-06,3.15E-05,1.96E-06,5.04E-06,9.19E-07,5.70E-04,3.26E-07,8.01E-07,Healthy
ID.10463,5.16E-05,1.24E-06,4.24E-05,6.37E-04,1.26E-04,6.99E-07,0.001191139,6.48E-04,3.70E-04,0.001749662,6.94E-05,6.19E-07,1.77E-06,7.26E-07,1.72E-04,9.57E-06,8.87E-07,4.74E-05,2.89E-05,2.26E-06,1.54E-05,1.22E-05,1.51E-06,0.004609863,4.98E-06,2.23E-06,5.92E-06,6.81E-05,0.10994158,8.04E-06,1.67E-06,9.95E-07,9.55E-06,0.035778238,4.81E-05,1.97E-04,0.001601237,5.92E-06,6.19E-07,1.04E-04,3.21E-05,1.83E-06,0.019669695,2.22E-05,1.43E-06,2.50E-05,2.69E-07,0.001455824,2.12E-05,0.017891688,3.64E-04,8.93E-05,1.08E-04,3.50E-06,2.47E-06,5.62E-06,4.11E-04,7.93E-06,4.33E-05,Healthy
ID.10100,1.87E-05,0,1.56E-05,6.50E-05,1.76E-05,2.55E-07,0.001179825,3.84E-04,6.72E-06,2.04E-06,9.44E-05,3.82E-07,1.81E-06,2.80E-07,0.015414559,0,7.13E-07,3.93E-05,4.81E-06,0,2.45E-05,7.84E-06,4.07E-07,5.09E-04,9.47E-06,2.14E-06,1.20E-06,7.11E-06,0.291189328,1.22E-05,1.96E-06,0,2.42E-06,0.001508226,5.07E-05,1.59E-04,7.44E-06,7.00E-06,5.60E-07,6.34E-05,4.84E-07,1.10E-06,0.005647787,1.20E-05,2.37E-06,3.16E-06,3.06E-07,4.39E-05,5.35E-07,8.23E-04,1.33E-04,1.70E-05,8.13E-05,0,0,4.69E-06,7.74E-05,1.20E-05,5.17E-05,Healthy
ID.10342,5.81E-05,7.86E-06,4.65E-05,7.71E-05,2.62E-05,0,8.12E-04,2.53E-04,0.00407401,1.13E-04,2.20E-05,0,3.42E-07,3.15E-07,1.54E-04,1.99E-05,1.68E-06,9.20E-06,1.35E-04,4.20E-07,3.13E-05,7.36E-06,0,0.012341227,4.91E-06,1.71E-06,3.15E-06,2.09E-04,0.104062826,6.73E-06,1.60E-06,1.31E-05,1.58E-06,0.008638964,3.69E-05,4.44E-06,0.001151419,1.47E-06,1.05E-06,6.11E-05,2.19E-05,9.46E-07,7.85E-04,2.61E-05,3.34E-04,0.002811645,4.73E-07,0.007461299,6.20E-06,0.054813516,0.00639713,2.93E-05,6.11E-05,4.07E-06,5.52E-07,6.83E-07,3.92E-04,2.99E-06,5.29E-05,Gastrectomy
ID.10357,2.49E-05,1.79E-05,9.36E-05,8.55E-04,2.71E-04,0,0.003067421,1.94E-04,1.96E-04,4.23E-05,5.07E-05,3.60E-07,0,5.39E-07,1.86E-04,7.61E-06,5.39E-07,1.02E-05,7.14E-05,0,3.01E-05,9.62E-06,0,0.010100188,7.16E-06,1.11E-06,2.31E-06,6.98E-05,0.123946709,7.34E-06,1.68E-06,8.69E-07,8.69E-07,0.024379379,3.22E-05,7.52E-06,3.81E-06,5.45E-06,7.19E-07,7.88E-05,1.98E-06,1.41E-06,0.001632897,1.60E-05,1.23E-06,8.15E-04,0,0.001610842,1.02E-05,0.008865597,4.97E-04,3.04E-05,6.04E-05,4.91E-06,1.47E-06,1.11E-06,0.002686256,7.79E-07,7.11E-05,Healthy
ID.10234,5.78E-05,2.89E-06,1.55E-05,1.18E-05,2.09E-06,2.32E-06,3.91E-04,7.37E-05,8.54E-05,2.06E-04,2.24E-05,2.09E-06,3.37E-06,3.35E-07,8.62E-05,1.82E-06,2.11E-06,1.42E-05,4.73E-05,6.07E-07,2.08E-05,4.86E-06,1.51E-06,0.004414957,2.34E-05,2.27E-05,1.03E-06,2.62E-05,0.034771478,5.57E-06,3.14E-07,3.56E-07,5.78E-06,0.002700776,2.91E-05,1.86E-06,1.21E-04,2.49E-06,1.86E-06,4.45E-05,1.00E-06,7.12E-07,0.005872792,1.28E-05,9.44E-04,1.14E-05,2.11E-06,9.77E-04,2.09E-06,0.063014639,0.002023206,2.16E-06,4.33E-05,4.42E-06,8.81E-06,7.10E-06,0.007064041,1.24E-05,4.14E-05,Gastrectomy
ID.10537,2.69E-05,1.04E-06,4.12E-05,3.52E-05,1.05E-05,5.61E-06,7.99E-04,1.96E-04,5.82E-05,7.33E-04,1.72E-04,4.65E-06,8.39E-06,2.51E-06,0.027255603,4.71E-06,1.47E-06,1.98E-05,4.38E-06,2.67E-06,2.02E-05,2.04E-05,8.62E-06,3.66E-05,7.17E-04,2.00E-05,4.11E-06,2.48E-05,0.01708486,0.001032402,6.35E-07,4.68E-07,1.73E-04,0.060429818,8.40E-05,0.001286675,0.011610424,1.19E-04,0,3.37E-05,8.76E-05,2.54E-06,0.232318635,6.12E-06,9.79E-04,0.001071839,2.94E-06,6.85E-04,1.23E-05,0.224175563,7.10E-05,9.86E-06,1.03E-04,2.73E-04,0,3.99E-04,1.54E-04,4.04E-05,8.64E-04,Healthy
ID.10304,4.74E-07,1.20E-06,5.06E-05,5.78E-04,1.78E-05,0,0.017035061,5.74E-04,9.76E-05,3.32E-06,2.28E-04,1.39E-06,9.85E-07,0,0.058184732,2.19E-06,0,3.36E-05,2.68E-05,0,3.07E-04,2.10E-05,4.01E-07,1.78E-04,5.84E-07,2.15E-06,1.57E-06,1.97E-04,0.16007477,7.66E-07,0,0,4.63E-06,0.176562389,3.91E-05,1.40E-05,3.83E-06,1.51E-05,0,2.32E-04,2.12E-06,2.37E-06,0.001211562,2.87E-05,6.93E-07,6.86E-05,0,2.22E-04,6.93E-05,0.011486019,1.36E-04,3.71E-05,2.73E-04,4.74E-07,0,6.93E-07,2.62E-04,1.31E-06,3.33E-05,Healthy
ID.10701,6.41E-06,0,4.41E-04,4.85E-04,1.41E-05,0,0.002141572,0.005315392,1.31E-04,2.50E-06,1.75E-05,0,0,0,0.001854873,2.05E-06,1.69E-06,6.83E-06,5.03E-06,0,1.95E-05,9.24E-06,0,0.005251557,0,4.21E-07,7.22E-07,3.12E-05,0.233793679,0,0,2.08E-06,9.63E-07,1.05E-04,1.07E-05,9.93E-07,1.20E-06,7.19E-05,7.22E-07,1.02E-04,6.02E-07,4.82E-06,0.001446495,2.61E-05,3.15E-04,6.32E-06,0,2.01E-04,0,3.86E-04,2.40E-04,7.66E-05,3.27E-05,1.08E-06,0,8.73E-07,1.04E-04,6.62E-07,1.58E-05,Healthy
ID.10197,7.15E-06,9.14E-06,1.07E-05,9.15E-04,1.70E-05,2.73E-05,0.00642571,9.89E-05,4.40E-05,1.01E-05,9.14E-06,1.91E-05,4.62E-05,3.64E-06,0.003784191,0,7.19E-07,3.89E-06,1.73E-06,3.03E-05,5.80E-06,4.99E-06,3.18E-05,2.41E-04,2.20E-06,2.80E-04,1.27E-06,8.89E-07,0.243218768,7.45E-06,6.35E-07,8.46E-07,5.44E-04,1.23E-04,7.07E-06,3.25E-05,2.75E-06,1.40E-06,0,5.25E-06,1.06E-06,0,0.001324589,1.99E-06,7.07E-06,5.06E-05,3.17E-06,1.76E-04,0,4.93E-04,1.79E-05,2.50E-06,1.20E-05,0,0,7.70E-05,0.001587501,4.53E-04,1.57E-05,Healthy
ID.10486,3.86E-06,5.28E-07,3.80E-05,7.79E-04,1.12E-04,3.44E-07,0.001667022,0.002075679,3.90E-04,7.66E-07,3.19E-05,5.81E-07,3.96E-07,2.64E-07,8.02E-05,6.53E-06,1.16E-06,7.87E-06,7.37E-06,5.28E-07,1.28E-05,8.38E-06,7.13E-07,0.041860477,1.90E-06,2.35E-06,1.96E-06,0.002986852,0.15657553,2.51E-06,1.74E-06,3.63E-05,2.20E-04,1.10E-04,2.39E-05,1.83E-05,1.61E-06,8.46E-07,5.55E-07,6.12E-05,2.64E-07,3.91E-06,5.04E-04,8.82E-05,0,0.021731168,0,0.008939653,1.27E-06,1.92E-04,3.26E-04,2.95E-05,5.17E-05,1.74E-06,1.32E-06,2.35E-06,0.003127034,5.89E-06,9.33E-06,Healthy
ID.10132,2.25E-06,8.73E-05,4.24E-05,7.17E-04,1.76E-05,7.32E-07,0.008056588,0.002625566,3.10E-05,1.61E-05,1.82E-04,2.70E-06,7.44E-06,7.89E-07,0.058981965,8.17E-06,0,8.33E-05,2.76E-06,0,9.67E-05,1.19E-05,2.08E-06,2.42E-04,1.28E-05,7.49E-06,2.42E-06,6.82E-05,0.213659704,4.34E-06,0,7.89E-07,1.75E-05,2.48E-04,3.66E-05,1.98E-05,7.72E-06,8.73E-06,7.89E-07,1.08E-04,1.69E-06,1.75E-06,0.005312316,3.50E-05,9.92E-06,6.08E-06,6.76E-07,1.60E-04,1.18E-06,0.053455053,2.02E-04,2.87E-05,2.61E-04,1.23E-05,1.86E-06,4.73E-06,1.99E-04,3.13E-05,0.001339741,Healthy
ID.10680,9.95E-05,2.94E-06,1.49E-05,2.61E-05,2.45E-05,1.49E-05,3.73E-04,2.82E-04,0.004218974,1.75E-06,2.70E-05,9.54E-06,4.68E-06,2.53E-06,1.95E-04,5.28E-05,7.57E-07,3.52E-06,6.10E-05,1.02E-05,6.66E-06,1.20E-05,7.89E-06,0.019798511,5.50E-06,2.53E-05,4.04E-06,0.004457132,0.078115187,5.70E-06,1.25E-06,1.27E-04,8.47E-05,3.07E-05,2.90E-05,5.03E-06,1.95E-06,0,4.66E-07,3.45E-05,2.30E-06,2.15E-06,0.006176531,9.51E-06,6.15E-05,0.009328955,8.79E-06,0.017963801,1.54E-06,0.019930728,8.44E-04,4.27E-05,6.22E-05,5.27E-06,1.93E-05,3.63E-05,0.004258516,7.61E-05,1.88E-05,Gastrectomy
ID.10036,3.22E-06,3.74E-07,2.41E-04,0.003655374,2.30E-04,0,0.001807886,0.002015086,3.51E-05,6.03E-07,2.20E-04,1.02E-06,3.22E-06,0,0.011709399,2.78E-05,5.80E-06,2.42E-05,3.41E-05,0,2.21E-05,1.52E-05,3.12E-07,0.003153764,2.20E-06,3.20E-06,1.75E-06,4.92E-05,0.249042334,1.10E-06,4.76E-06,6.03E-07,6.34E-06,0.112239737,8.91E-05,8.90E-06,7.90E-07,7.90E-07,2.70E-07,4.57E-05,2.91E-07,2.52E-06,0.001224327,1.32E-04,8.73E-07,7.05E-06,0,2.51E-04,1.44E-05,0.006448185,2.53E-04,2.33E-05,1.06E-04,4.78E-07,0,1.06E-06,3.26E-04,1.72E-05,8.46E-06,Healthy
ID.10487,1.73E-05,1.25E-06,3.77E-05,2.80E-04,0.001045015,0,8.81E-04,0.012391394,0.039744965,2.41E-04,8.04E-05,0,0,0,2.37E-04,4.12E-05,4.70E-06,1.28E-05,3.50E-04,0,2.31E-05,1.06E-05,7.44E-07,0.053861544,2.20E-06,3.86E-06,2.54E-06,3.86E-04,0.033600796,3.04E-06,0,2.30E-06,3.38E-07,0.020810432,3.82E-05,8.76E-06,4.74E-06,3.75E-06,0,2.93E-04,3.92E-06,1.56E-06,2.20E-04,4.69E-05,6.30E-05,8.73E-05,0,0.001509973,1.40E-05,0.040919351,3.02E-04,8.48E-05,7.09E-05,1.69E-06,5.41E-07,4.74E-07,0.010267812,9.13E-07,2.89E-05,Healthy
ID.10166,2.13E-04,2.63E-06,1.63E-05,7.18E-06,1.21E-05,0,2.24E-04,5.10E-04,8.35E-04,1.03E-06,1.13E-05,0,0,0,6.77E-05,6.99E-04,7.52E-07,3.32E-06,4.18E-05,0,6.90E-06,5.71E-06,0,0.002179903,3.35E-06,0,1.23E-06,1.24E-05,0.023578416,2.80E-06,5.13E-07,1.02E-05,0,7.80E-04,1.27E-05,6.66E-06,1.61E-06,4.10E-07,1.91E-06,2.02E-05,2.70E-06,1.03E-06,1.19E-04,2.15E-06,1.65E-04,7.04E-04,0,0.00409904,3.42E-07,2.09E-04,0.041095456,1.40E-05,1.58E-05,3.76E-07,3.46E-05,0,0.001288379,0,6.22E-06,Gastrectomy
ID.10317,1.83E-06,9.82E-06,1.52E-05,2.10E-04,5.77E-04,0,4.97E-04,0.003497988,0.004994499,2.90E-06,3.85E-05,0,7.88E-07,0,0.001164479,3.82E-05,2.75E-06,4.75E-06,7.04E-05,5.85E-07,1.46E-05,7.17E-06,3.81E-07,0.010921832,2.01E-06,3.38E-06,1.91E-06,2.84E-05,0.327674845,1.04E-06,0,4.99E-05,2.44E-06,1.63E-05,1.79E-05,1.01E-05,1.62E-05,5.09E-07,1.35E-06,2.66E-05,2.98E-06,1.20E-06,3.38E-04,1.04E-05,6.82E-05,0.001033502,4.58E-07,0.006266587,7.88E-07,5.53E-04,4.13E-04,6.84E-05,4.39E-05,1.73E-06,2.49E-06,9.66E-07,3.99E-04,7.63E-06,1.69E-05,Healthy
ID.10183,5.88E-06,0,1.12E-05,0.005448485,1.09E-04,2.92E-06,0.014814555,0.005495071,2.08E-05,1.58E-05,1.37E-04,7.75E-07,6.38E-06,1.09E-06,0.026572208,0,0,1.51E-05,1.02E-06,2.15E-06,1.20E-04,9.09E-06,1.02E-05,8.00E-04,1.13E-06,1.77E-05,8.11E-07,1.13E-06,0.008159301,8.81E-07,0,1.97E-06,6.01E-05,4.69E-06,3.06E-05,3.98E-06,4.51E-06,3.81E-06,0,6.28E-05,0,2.96E-06,0.013925785,8.80E-05,0,9.16E-07,5.64E-07,1.34E-04,0,0.005155576,1.20E-04,4.44E-06,6.02E-05,0,0,1.88E-05,2.90E-04,2.40E-04,2.86E-05,Healthy
ID.10791,2.44E-05,2.78E-06,1.34E-05,6.17E-06,9.59E-07,0,3.12E-04,6.21E-04,0.007371875,0.002918017,1.44E-05,4.00E-06,1.73E-06,8.31E-07,3.66E-05,1.51E-05,9.27E-07,6.90E-06,4.99E-05,5.43E-07,2.72E-06,7.96E-06,9.59E-07,0.067964298,7.35E-07,2.14E-06,2.88E-06,8.56E-05,0.14377279,1.09E-06,1.47E-06,6.05E-05,5.50E-06,1.15E-04,1.66E-05,2.40E-06,2.86E-05,2.33E-06,3.52E-07,3.45E-04,2.17E-06,6.07E-07,0.001736725,7.83E-06,4.13E-05,7.30E-05,3.16E-06,0.003398103,0,2.03E-04,0.001264023,1.44E-05,2.37E-05,3.48E-06,1.79E-06,3.55E-06,0.0035971,3.61E-06,2.85E-05,Gastrectomy
ID.10319,3.98E-05,2.73E-06,2.22E-05,1.55E-05,4.36E-05,8.88E-06,4.41E-04,5.87E-04,3.97E-04,1.79E-04,2.04E-05,4.28E-05,2.99E-05,1.52E-06,1.47E-04,6.94E-06,4.79E-06,5.20E-06,5.44E-05,9.95E-06,1.12E-05,5.80E-06,2.11E-05,8.09E-04,8.53E-06,7.16E-05,1.81E-06,2.83E-04,0.017079261,8.08E-06,1.01E-06,2.06E-06,1.33E-04,2.68E-05,2.13E-05,2.95E-06,1.26E-05,4.76E-07,5.07E-07,5.09E-05,1.36E-06,2.92E-06,0.00521868,2.16E-06,5.42E-04,0.005311752,3.42E-06,0.002413891,0,0.128764618,0.072751835,7.39E-06,4.43E-05,6.90E-05,9.22E-06,1.85E-05,0.005890665,1.46E-04,1.39E-04,Gastrectomy
ID.10208,1.94E-05,3.14E-06,2.30E-05,4.51E-05,4.62E-05,5.00E-06,6.45E-04,5.49E-04,2.38E-04,1.17E-06,6.28E-05,2.69E-06,8.69E-06,1.03E-06,0.002442139,7.24E-06,2.28E-06,6.97E-06,2.69E-05,1.84E-05,1.50E-05,1.00E-05,8.86E-06,0.010446888,4.54E-05,2.60E-05,1.62E-06,4.12E-05,0.102192626,5.20E-05,0,2.19E-05,6.85E-05,0.007746664,9.95E-05,4.72E-06,1.79E-05,2.62E-06,4.14E-07,1.15E-04,3.03E-06,2.45E-06,0.038586259,1.86E-06,5.54E-04,9.75E-04,3.31E-06,0.007186875,7.72E-06,0.043380957,2.90E-04,6.37E-05,7.33E-05,3.08E-05,2.03E-06,9.46E-05,0.003193086,5.38E-05,1.26E-04,Healthy
ID.10554,2.55E-05,5.15E-06,8.11E-05,3.26E-06,1.01E-05,7.75E-07,7.87E-04,3.78E-04,0.005207345,0.08962234,5.79E-05,0,1.83E-06,1.49E-06,9.89E-04,3.07E-05,8.85E-07,1.20E-05,4.87E-04,1.11E-06,3.31E-05,1.47E-05,3.82E-06,0.020701855,2.78E-05,1.37E-05,3.21E-06,2.57E-04,0.105687139,4.76E-06,2.60E-06,1.94E-05,9.57E-06,0.004203198,4.22E-05,2.48E-05,0.017785016,1.94E-06,6.09E-07,1.50E-04,1.55E-04,2.38E-06,0.006628365,3.21E-06,3.03E-04,0.001642983,7.75E-07,0.013239246,1.72E-06,0.029719369,4.22E-04,2.51E-05,7.92E-05,1.54E-05,1.66E-06,9.35E-06,0.00754117,1.52E-05,1.49E-04,Gastrectomy
ID.10465,1.61E-06,4.25E-07,1.70E-05,8.44E-05,5.27E-05,0,4.16E-04,0.001351107,2.96E-04,1.43E-06,5.60E-05,0,0,0,0.001844302,1.18E-05,2.13E-06,2.75E-05,2.42E-05,0,7.78E-06,5.59E-06,0,0.019361797,1.06E-06,7.29E-07,3.86E-06,0.001448361,0.185066423,0,0,1.78E-05,0,7.04E-04,1.79E-05,7.02E-06,2.19E-06,5.47E-07,1.09E-06,8.45E-05,4.86E-07,2.64E-06,0.001940098,3.55E-05,5.19E-06,3.56E-05,4.56E-07,0.004961986,5.16E-07,6.38E-04,4.47E-04,7.30E-05,4.59E-05,1.00E-06,0,6.99E-07,0.004156467,0,4.22E-06,Healthy
ID.10784,2.32E-06,5.25E-07,7.71E-05,1.12E-04,8.37E-06,1.71E-06,9.53E-04,0.002965372,4.32E-05,2.18E-06,2.17E-05,0,7.46E-07,0,0.010947875,2.87E-06,3.87E-07,2.18E-05,1.08E-06,4.42E-07,2.52E-05,1.33E-05,1.13E-06,0.003749647,1.60E-06,5.74E-06,6.08E-07,2.14E-05,0.433483926,3.34E-06,0,2.35E-06,1.27E-05,9.20E-06,2.07E-05,6.90E-06,2.82E-06,4.28E-06,1.38E-06,1.57E-04,4.97E-07,7.18E-06,0.004911768,3.09E-06,0,6.13E-06,0,1.57E-04,3.87E-07,8.88E-04,1.82E-04,2.56E-05,5.84E-05,5.52E-07,0,3.67E-06,0.001004503,6.49E-06,5.82E-05,Healthy
ID.10341,8.70E-05,1.84E-05,5.25E-05,1.33E-04,1.35E-04,3.01E-06,0.001172568,2.99E-04,6.39E-04,1.25E-06,2.18E-05,2.91E-06,3.32E-06,5.04E-07,0.002596203,5.26E-06,1.49E-06,1.68E-05,1.73E-05,1.94E-06,2.22E-05,7.71E-06,2.93E-06,0.011922762,1.89E-06,4.63E-06,2.76E-06,3.14E-05,0.216606179,3.36E-06,9.15E-07,1.46E-05,1.10E-05,0.018231997,2.68E-05,2.09E-05,2.89E-06,1.72E-06,3.17E-07,3.35E-05,7.84E-07,6.53E-07,0.001980575,5.73E-06,1.18E-06,2.67E-04,2.03E-06,8.70E-04,1.18E-05,0.002706225,2.54E-04,2.51E-04,4.32E-05,2.11E-06,7.09E-07,1.41E-05,6.24E-04,8.78E-05,2.81E-05,Healthy
ID.10114,2.13E-06,5.08E-06,1.34E-04,0.00579756,2.12E-04,7.52E-07,0.008590226,0.007581871,3.88E-04,1.53E-06,1.06E-04,8.42E-07,7.18E-06,4.51E-07,0.052760197,1.33E-05,9.02E-07,3.53E-05,2.35E-04,0,3.05E-04,3.03E-05,1.62E-06,0.018381136,2.40E-06,1.59E-05,2.92E-06,5.79E-05,0.223219328,6.31E-07,1.23E-06,1.86E-06,1.50E-05,0.024914611,4.20E-05,8.66E-06,1.23E-06,6.76E-06,6.31E-07,2.63E-04,1.38E-06,3.64E-05,0.001450247,7.03E-05,3.67E-06,1.62E-05,7.82E-07,5.06E-04,9.23E-06,4.86E-04,1.60E-04,1.22E-04,9.23E-05,3.01E-06,0,3.49E-06,1.77E-04,2.45E-05,1.64E-05,Healthy
ID.10558,1.43E-06,2.71E-06,9.09E-06,3.92E-05,5.01E-06,2.77E-05,2.37E-04,0.001074006,4.69E-05,3.74E-05,1.41E-05,4.84E-05,5.29E-05,4.29E-06,5.74E-05,8.19E-06,7.45E-07,7.81E-06,1.32E-05,1.64E-05,6.94E-06,2.14E-05,5.81E-05,0.019207487,3.63E-06,1.45E-04,6.58E-06,7.09E-05,0.137436594,1.52E-05,0,5.66E-07,2.70E-04,0.001046865,2.17E-05,3.64E-05,1.80E-04,5.96E-07,1.49E-06,6.26E-05,3.22E-06,1.04E-06,0.01187073,5.96E-06,2.85E-04,6.49E-06,4.49E-05,0.001601267,1.07E-06,0.009910855,9.71E-04,5.03E-06,2.15E-05,1.23E-05,5.36E-07,6.24E-04,0.002289584,3.04E-04,1.74E-04,Gastrectomy
ID.10215,1.07E-05,3.34E-06,1.00E-05,7.20E-06,7.20E-06,1.16E-04,3.05E-04,4.28E-04,0.002231214,1.01E-04,4.25E-05,1.83E-05,2.85E-04,6.41E-06,2.21E-04,1.01E-05,4.95E-07,2.74E-06,2.90E-05,5.15E-05,5.52E-06,1.42E-05,1.77E-04,0.006251963,4.26E-06,7.53E-04,2.31E-06,5.49E-05,0.156850599,2.81E-06,4.95E-07,1.18E-05,0.001132499,7.25E-04,3.02E-05,1.28E-04,1.18E-05,2.31E-06,0,3.70E-05,1.06E-06,4.66E-06,0.002520415,2.94E-06,1.95E-05,8.17E-04,9.54E-06,0.003978411,3.63E-07,0.002065461,0.001039864,4.11E-05,3.65E-05,7.03E-06,8.32E-06,5.95E-04,0.001312354,9.02E-04,3.20E-05,Healthy
ID.10794,3.79E-06,5.37E-07,2.78E-05,3.69E-04,2.75E-05,0,0.001879265,0.007259368,2.04E-05,3.07E-06,8.59E-05,0,0,6.13E-07,0.026010964,1.99E-06,2.30E-06,1.59E-05,7.40E-06,0,1.60E-04,1.46E-05,0,0.004174406,2.80E-06,2.91E-06,2.87E-06,5.37E-06,0.28301751,1.77E-05,5.75E-07,1.13E-05,7.28E-07,2.00E-05,1.95E-05,8.82E-06,1.92E-06,2.64E-06,8.82E-07,4.91E-05,0,4.98E-07,0.002678668,3.43E-05,8.05E-06,8.13E-06,0,1.79E-04,0,0.002616114,8.42E-04,4.13E-05,8.59E-05,2.99E-06,0,4.98E-07,0.010062071,4.22E-07,8.13E-06,Healthy
ID.10423,4.22E-05,4.23E-06,4.58E-06,1.16E-04,2.86E-06,5.12E-07,9.84E-04,5.69E-04,1.99E-05,4.57E-05,5.23E-05,3.37E-06,1.62E-06,1.08E-06,0.004851497,8.09E-07,1.77E-05,5.80E-06,1.13E-06,2.48E-06,7.04E-06,3.99E-06,1.27E-06,0.002460406,5.63E-06,7.12E-06,2.29E-06,1.52E-05,0.034355958,3.15E-06,1.13E-06,2.78E-06,4.92E-05,0.001300381,1.78E-05,1.40E-04,2.73E-04,4.85E-07,0,3.07E-05,4.07E-06,1.27E-06,0.116285021,8.03E-06,1.46E-04,3.15E-06,9.71E-07,5.22E-05,4.85E-07,0.063378557,5.55E-04,1.79E-05,3.97E-05,1.40E-05,3.10E-05,7.12E-06,1.55E-04,5.28E-05,1.08E-04,Gastrectomy
ID.10207,2.47E-05,2.19E-06,8.84E-06,7.95E-06,8.46E-06,3.80E-06,1.79E-04,2.22E-04,0.003249498,3.49E-05,7.76E-06,1.41E-06,3.07E-06,5.21E-07,7.61E-05,4.99E-05,4.86E-07,4.72E-06,3.25E-05,9.20E-07,1.17E-05,1.16E-05,3.47E-06,0.003322702,3.91E-06,8.94E-06,1.84E-06,3.10E-05,0.029000155,3.16E-06,3.65E-07,2.88E-05,3.91E-05,1.50E-04,1.39E-05,3.77E-05,1.08E-05,2.08E-07,0,3.05E-05,1.42E-06,6.60E-07,0.002671782,1.91E-06,3.53E-05,0.00207533,7.47E-07,0.0047709,5.73E-07,0.030364574,0.046476474,3.10E-05,2.30E-05,1.00E-05,1.48E-05,2.35E-05,7.33E-04,1.77E-05,3.94E-05,Healthy
ID.10112,3.84E-06,2.90E-06,3.78E-05,4.44E-04,2.47E-04,4.99E-07,4.31E-04,0.00147222,4.46E-04,0.001073313,1.94E-05,7.18E-07,6.24E-07,4.68E-07,0.002991725,1.36E-05,1.28E-06,7.24E-06,4.83E-05,2.78E-06,2.07E-05,1.12E-05,1.31E-06,0.085825087,5.68E-06,6.74E-06,3.15E-06,2.00E-05,0.044140538,7.21E-06,9.68E-06,5.45E-05,4.50E-05,0.003807922,2.23E-05,3.21E-06,5.55E-04,6.90E-06,7.80E-07,1.56E-04,7.15E-06,9.68E-07,5.44E-04,6.92E-05,2.62E-05,0.005153363,3.43E-07,0.002565508,3.40E-06,0.002261763,7.64E-04,6.17E-05,3.56E-05,3.53E-06,9.05E-07,2.34E-06,0.005390316,1.45E-05,6.30E-05,Gastrectomy
ID.10205,8.55E-06,3.36E-06,3.04E-05,1.14E-04,3.76E-05,0,4.87E-04,8.90E-04,0.02006243,5.30E-05,5.82E-05,1.07E-06,8.47E-07,6.49E-07,0.006614961,4.14E-05,3.47E-06,7.90E-06,6.53E-05,2.15E-06,2.04E-05,1.64E-05,1.98E-06,0.028309227,5.73E-06,6.29E-06,2.40E-06,1.84E-04,0.069357423,6.32E-06,3.67E-07,1.39E-04,3.58E-06,5.94E-04,3.69E-05,1.45E-05,1.79E-04,2.51E-04,6.49E-07,2.85E-05,4.40E-06,1.33E-06,0.005099082,6.92E-06,1.65E-05,0.005391571,7.34E-07,0.009630884,1.72E-06,0.014244489,8.29E-04,7.51E-05,5.73E-05,6.15E-06,5.59E-06,3.56E-06,0.001261751,4.07E-05,7.99E-05,Gastrectomy
ID.10354,4.96E-06,5.18E-05,0.001707664,0.007303087,4.93E-04,2.22E-05,0.002343798,0.0082766,6.74E-05,5.19E-05,5.55E-05,5.63E-05,6.33E-05,7.93E-06,0.018536649,5.63E-07,3.33E-06,6.03E-05,4.04E-06,1.10E-05,4.51E-05,1.82E-05,4.51E-05,0.018298105,9.21E-07,6.44E-05,5.47E-06,5.93E-05,0.286901641,9.21E-07,0,2.71E-06,1.99E-04,0.010407125,8.71E-05,1.55E-05,1.64E-06,0.006272125,0,3.29E-04,9.21E-07,1.59E-06,0.003722319,2.82E-05,1.52E-05,1.14E-05,1.24E-05,0.002311927,1.08E-05,0.003177346,2.24E-04,3.75E-05,9.15E-05,8.19E-07,0,6.67E-05,3.98E-04,0.001231292,1.53E-04,Healthy
ID.10741,3.44E-05,1.93E-05,1.55E-05,1.14E-04,3.47E-05,0,0.002099518,9.66E-04,1.87E-04,0,3.71E-05,2.03E-05,6.53E-06,4.13E-06,0.006532714,1.62E-05,0,3.68E-05,7.22E-06,3.78E-06,1.03E-05,2.20E-05,9.28E-06,0.009350525,1.82E-05,1.51E-05,0,1.41E-05,0.136545718,0,0,0,8.70E-05,0.003612781,3.78E-05,9.63E-06,4.13E-06,8.94E-06,0,3.20E-04,0,3.78E-06,0.002600501,0,5.93E-04,0.001297672,0,0.00635804,5.85E-06,0.01374349,0.048892028,1.20E-04,4.30E-05,0,0,4.37E-05,0.004862658,4.99E-05,0.001108901,Healthy
ID.10632,1.89E-04,0,2.86E-05,6.73E-05,9.26E-05,2.21E-06,4.45E-04,0.001732711,0.01057247,4.29E-05,1.81E-05,1.69E-06,4.07E-06,7.25E-07,5.94E-04,6.73E-06,1.28E-06,9.07E-06,2.00E-04,2.28E-06,5.90E-06,5.38E-06,2.86E-06,0.021818842,3.04E-06,1.27E-05,1.90E-06,2.65E-05,0.054369278,8.63E-07,0,3.36E-05,7.75E-05,0.011869071,2.16E-05,3.53E-05,8.02E-05,3.24E-06,3.45E-07,1.25E-04,1.21E-06,8.63E-07,7.79E-04,6.76E-06,5.97E-05,0.002794799,2.31E-06,0.003945696,6.93E-06,0.004044131,6.15E-04,8.68E-05,4.56E-05,1.66E-06,1.76E-05,9.49E-06,0.00140066,5.17E-05,5.66E-06,Healthy
ID.10107,1.80E-05,5.96E-07,2.17E-05,1.96E-04,1.60E-06,4.07E-07,0.002448398,3.41E-04,3.41E-06,1.89E-05,1.82E-04,3.52E-07,0,1.22E-06,0.044980371,2.49E-06,1.17E-05,5.15E-05,1.10E-04,9.21E-07,4.00E-05,1.38E-05,2.98E-07,4.04E-04,1.53E-05,1.05E-05,3.28E-06,3.05E-05,0.364064301,1.31E-05,6.50E-07,0,0,0.001473093,6.38E-05,5.20E-05,6.73E-05,5.31E-06,0,4.69E-05,3.52E-06,1.65E-06,0.020524196,5.30E-05,2.95E-06,1.30E-06,0,1.47E-05,2.85E-06,0.010732853,3.87E-04,3.20E-06,1.05E-04,1.49E-06,6.23E-07,3.79E-07,8.56E-05,7.59E-07,8.66E-05,Healthy
ID.10696,1.97E-05,2.40E-06,2.37E-05,3.22E-05,3.23E-05,7.92E-07,3.14E-04,0.001349693,4.70E-04,1.01E-04,6.07E-05,3.08E-07,2.71E-06,4.40E-07,2.46E-04,2.85E-05,7.26E-06,4.14E-06,6.08E-05,5.72E-07,3.68E-06,1.65E-05,1.12E-06,0.019718041,5.68E-06,2.27E-06,3.94E-06,1.27E-04,0.061934559,9.16E-06,6.60E-07,2.67E-05,2.03E-06,0.003507224,2.16E-05,2.88E-06,0.001346038,5.72E-07,7.92E-07,6.32E-05,6.80E-06,1.21E-06,0.024545129,2.07E-06,6.08E-06,0.00722245,4.40E-07,0.002603298,3.35E-06,0.053620499,4.75E-04,1.88E-05,5.12E-05,3.85E-05,7.77E-06,3.02E-06,0.003468459,1.29E-05,1.16E-04,Gastrectomy
ID.10538,8.32E-05,4.07E-06,2.23E-04,6.46E-05,4.52E-05,0,9.66E-04,0.003437524,2.26E-04,2.72E-06,3.67E-05,0,5.09E-07,0,0.001443812,2.11E-05,1.02E-06,4.04E-05,1.41E-04,3.40E-07,2.30E-05,2.65E-05,1.19E-06,0.014041614,1.83E-06,1.39E-06,6.96E-06,1.85E-04,0.059735443,2.95E-06,1.26E-06,3.11E-05,4.65E-06,0.003844618,6.69E-05,1.11E-05,4.04E-06,5.06E-05,5.09E-07,1.92E-04,1.70E-06,7.30E-06,6.12E-04,1.59E-05,0,8.17E-05,0,0.007002676,2.11E-06,0.005526609,3.72E-04,5.27E-05,1.09E-04,2.48E-06,1.39E-06,1.36E-06,0.007825625,9.17E-07,2.39E-05,Gastrectomy
ID.10623,1.87E-04,2.55E-06,2.86E-05,3.73E-06,1.68E-05,2.20E-06,5.21E-04,5.09E-05,7.36E-05,1.29E-04,3.46E-05,3.60E-06,1.45E-05,1.63E-06,1.65E-04,4.67E-06,3.67E-07,4.49E-06,1.34E-04,2.39E-06,4.46E-05,5.22E-06,6.56E-06,0.002368577,1.76E-05,2.57E-05,1.78E-06,7.56E-05,0.043913202,1.29E-05,8.66E-07,1.21E-06,3.56E-04,7.43E-04,2.39E-05,2.60E-06,2.51E-04,2.02E-06,2.41E-06,1.19E-04,4.91E-06,1.44E-06,0.004087652,5.93E-06,6.04E-04,7.16E-06,3.24E-05,2.76E-04,3.15E-07,0.012455935,0.0541372,2.36E-06,5.29E-05,1.36E-05,3.19E-05,1.28E-05,0.002021718,1.14E-04,6.31E-05,Gastrectomy
ID.10360,7.97E-05,5.22E-06,7.48E-06,6.17E-05,1.62E-05,6.59E-06,1.46E-04,2.19E-04,5.63E-04,2.20E-05,1.00E-05,7.94E-05,1.39E-05,5.33E-06,3.28E-05,2.43E-05,2.15E-06,1.40E-06,5.35E-05,2.56E-06,5.87E-06,4.03E-06,4.51E-06,0.0026526,8.50E-05,1.23E-05,3.52E-06,1.01E-04,0.009519578,1.11E-05,1.09E-06,1.12E-04,1.58E-04,8.55E-04,1.30E-05,1.88E-06,1.70E-04,0,1.33E-06,1.17E-05,1.47E-06,0,0.007355243,1.04E-05,5.15E-04,0.015488884,1.67E-06,0.002909312,1.37E-06,0.012042184,0.043224878,4.92E-06,2.25E-05,2.65E-05,1.19E-05,2.58E-05,0.002148154,8.88E-05,1.74E-04,Gastrectomy
ID.10258,3.66E-06,2.07E-06,2.90E-05,0.00159139,3.04E-05,3.01E-07,4.50E-04,0.005223336,4.31E-05,1.03E-06,3.15E-05,2.30E-07,0,0,0.001402339,1.75E-06,2.30E-07,2.63E-06,2.19E-06,0,7.33E-05,9.03E-06,1.20E-06,0.00933947,1.73E-06,1.82E-06,2.40E-06,1.92E-05,0.266061376,1.36E-06,9.90E-07,9.19E-07,9.19E-07,0.010278217,2.67E-05,2.63E-06,1.66E-05,1.01E-06,5.30E-07,6.98E-05,7.71E-06,1.17E-06,9.09E-04,1.43E-06,1.18E-06,2.67E-05,0,9.23E-05,5.02E-06,6.96E-04,2.68E-04,8.17E-05,4.46E-05,1.87E-06,0,2.65E-07,1.00E-04,3.71E-07,1.71E-05,Healthy
ID.10673,2.47E-06,2.95E-06,3.10E-05,2.67E-04,1.20E-05,6.84E-06,9.18E-04,2.04E-04,3.75E-04,0.003273524,2.81E-05,9.76E-06,7.29E-05,3.04E-06,1.65E-04,6.63E-06,2.59E-06,3.83E-06,6.37E-05,2.86E-06,1.53E-05,6.63E-06,3.44E-05,0.011562483,1.20E-05,1.61E-04,1.87E-06,7.30E-05,0.074080367,1.73E-05,0,1.36E-06,1.34E-04,0.065271894,2.79E-05,3.19E-06,2.46E-05,1.69E-06,7.83E-07,3.02E-05,7.65E-06,7.53E-07,0.029819091,7.02E-06,6.11E-06,0.005669887,1.17E-06,9.49E-04,9.10E-05,0.259664699,2.23E-04,1.33E-05,4.48E-05,9.52E-06,4.82E-07,4.33E-05,0.001738749,0.001004659,1.19E-04,Gastrectomy
ID.10192,3.02E-04,4.41E-06,3.71E-05,2.82E-05,3.61E-05,0,0.002051855,6.75E-04,0.00234538,5.00E-06,5.41E-05,0,5.08E-07,7.91E-07,1.45E-04,1.88E-05,5.68E-06,1.76E-05,9.27E-05,3.95E-07,2.27E-05,1.56E-05,7.91E-07,0.026092285,2.68E-06,2.60E-06,2.09E-06,6.47E-05,0.085679909,4.41E-06,1.44E-06,2.03E-05,2.68E-05,0.007699151,4.06E-05,2.63E-05,6.84E-06,1.89E-06,9.60E-07,3.35E-05,1.47E-06,1.78E-06,0.002976809,4.81E-05,1.30E-06,0.004259526,0,0.00938251,4.32E-06,0.004332519,2.32E-04,8.45E-05,8.32E-05,2.29E-06,3.02E-06,2.43E-06,0.001002806,2.43E-06,8.62E-06,Gastrectomy
ID.10657,8.27E-07,6.36E-07,4.35E-05,7.80E-04,2.06E-05,5.40E-07,0.002178645,0.002740973,2.06E-04,8.81E-04,6.00E-05,4.45E-07,8.58E-07,5.09E-07,0.009403939,1.09E-05,1.11E-06,1.17E-05,1.79E-05,0,3.58E-05,2.30E-05,2.35E-06,0.009074311,6.80E-06,2.29E-06,1.94E-06,6.14E-05,0.168710258,1.62E-06,4.45E-07,1.94E-06,4.16E-06,0.007938942,3.04E-05,1.74E-05,0.010430651,1.37E-06,6.68E-07,9.43E-05,1.27E-04,2.99E-06,0.02803656,3.56E-06,1.11E-06,1.39E-05,6.99E-07,9.06E-04,1.06E-05,0.106325512,2.83E-04,5.09E-05,7.90E-05,3.24E-05,2.23E-06,4.77E-07,0.004731772,1.79E-05,1.53E-04,Healthy
ID.10064,6.04E-06,5.56E-06,2.04E-05,3.05E-04,8.03E-06,2.95E-07,7.94E-04,0.002282747,4.26E-04,0.0057166,2.05E-05,1.05E-06,1.58E-06,4.03E-07,0.002399409,1.24E-05,1.26E-06,5.16E-06,1.18E-04,4.03E-07,8.27E-06,4.94E-06,7.25E-07,0.030950322,2.24E-05,5.05E-06,9.45E-06,1.13E-05,0.23683461,7.87E-06,2.66E-06,3.67E-05,7.52E-06,0.00230028,1.87E-05,1.46E-05,0.042154519,1.34E-06,3.81E-06,2.04E-05,2.58E-04,6.18E-07,0.016399641,1.32E-05,9.24E-04,8.03E-04,9.13E-07,0.005498472,1.32E-06,0.004299331,3.91E-04,1.34E-05,3.82E-05,4.19E-06,3.76E-07,3.28E-06,0.006538017,5.56E-06,3.40E-05,Gastrectomy
ID.10433,2.33E-04,1.07E-04,2.33E-05,3.13E-05,3.62E-05,1.16E-06,4.21E-04,5.48E-04,0.011196278,0.008663249,3.26E-05,1.59E-06,0,7.22E-07,2.49E-04,1.40E-04,6.71E-06,1.26E-05,1.66E-04,9.38E-07,1.38E-05,1.17E-05,1.44E-06,0.040456771,5.27E-06,4.33E-06,8.30E-06,8.56E-04,0.035878868,4.26E-06,2.17E-06,6.48E-05,6.86E-06,0.004417929,3.05E-05,5.49E-06,3.40E-04,1.01E-06,9.38E-07,1.63E-04,5.85E-06,2.09E-06,0.005658671,2.67E-05,5.49E-06,0.016742403,1.30E-06,0.004992062,9.67E-06,0.004338302,5.66E-04,1.63E-05,4.32E-05,3.25E-06,1.06E-05,5.78E-06,6.67E-04,2.82E-06,6.24E-05,Gastrectomy
ID.10025,7.71E-05,9.99E-07,1.84E-04,7.01E-04,1.48E-04,0,8.07E-04,2.03E-04,1.74E-04,1.53E-06,4.88E-05,0,0,0,6.86E-04,6.65E-06,9.47E-07,1.03E-05,1.06E-04,0,3.18E-05,2.53E-05,0,0.005298939,6.68E-06,2.29E-06,2.00E-06,1.33E-04,0.08045705,2.45E-06,3.68E-07,6.18E-06,3.68E-07,0.0102009,8.45E-05,6.76E-05,9.68E-06,7.05E-06,0,8.98E-05,1.45E-06,1.47E-06,7.96E-04,2.47E-05,5.02E-04,0.00285782,0,0.002294329,5.65E-06,0.001201192,0.001183205,3.38E-05,5.90E-05,1.39E-06,1.18E-06,6.31E-07,5.97E-04,1.81E-06,2.62E-05,Healthy
ID.10037,1.15E-05,5.70E-07,1.65E-05,0.002925491,4.57E-04,6.36E-07,0.010124116,0.007527505,3.77E-05,1.69E-06,4.61E-05,3.07E-07,8.33E-07,0,0.012730572,1.49E-05,6.58E-07,1.27E-05,4.75E-05,3.51E-07,4.45E-05,8.35E-06,1.51E-06,2.28E-04,7.46E-07,2.57E-06,2.08E-06,4.13E-05,0.153719498,1.49E-06,2.41E-07,2.08E-06,1.26E-05,7.10E-05,4.38E-05,8.31E-06,5.22E-06,7.37E-06,0,1.34E-04,8.55E-07,1.40E-06,0.001844297,1.55E-04,2.63E-07,5.64E-06,2.63E-07,2.89E-04,0,0.001448909,0.000148564,1.65E-04,7.55E-05,1.62E-06,0,1.36E-06,0.006378794,8.05E-06,2.00E-05,Healthy
ID.10257,5.51E-05,4.00E-06,3.59E-05,7.46E-04,1.00E-04,1.50E-06,0.001335638,0.004270549,8.64E-05,3.85E-06,8.81E-05,8.92E-07,3.65E-06,1.02E-06,5.57E-04,1.07E-06,9.79E-07,1.05E-05,8.72E-06,3.05E-07,5.89E-06,1.74E-05,9.66E-06,7.92E-04,1.59E-06,1.36E-05,1.61E-06,6.67E-05,0.334531434,8.71E-05,3.46E-06,8.51E-06,1.23E-05,0.015706926,3.62E-05,4.15E-05,2.07E-06,1.04E-06,0,1.57E-04,2.65E-06,2.81E-06,0.001772136,4.37E-06,6.53E-07,0.002126628,1.31E-06,6.47E-04,6.29E-06,0.003221776,0.001005421,9.97E-05,4.03E-05,2.59E-06,2.74E-06,1.11E-06,6.59E-04,7.20E-05,1.99E-05,Gastrectomy
ID.10060,6.05E-07,1.08E-06,6.30E-05,0.001700155,3.20E-05,3.36E-07,0.001151036,8.92E-04,6.45E-05,1.75E-06,6.45E-05,5.60E-07,6.73E-07,2.91E-07,0.006074097,1.97E-06,5.83E-07,3.95E-06,9.33E-06,3.81E-07,6.88E-05,2.69E-05,2.00E-06,3.49E-04,4.93E-06,1.46E-06,1.57E-06,1.97E-04,0.096304394,3.09E-06,0,8.97E-07,1.34E-05,0.224794461,6.43E-05,2.03E-04,1.39E-06,9.44E-06,3.36E-07,9.16E-05,2.91E-07,2.47E-07,0.006014506,4.85E-05,1.50E-06,8.43E-06,3.36E-07,8.26E-04,1.41E-04,0.010365198,1.25E-04,6.61E-06,1.11E-04,1.00E-05,5.67E-06,4.37E-06,4.48E-04,9.73E-06,4.06E-05,Healthy
ID.10297,8.44E-05,1.85E-06,2.92E-05,7.85E-06,2.22E-05,1.56E-06,3.07E-04,0.001844319,0.044057637,8.83E-04,3.69E-05,0,4.75E-07,3.84E-07,1.30E-04,9.89E-05,1.63E-06,7.91E-06,2.05E-04,4.07E-07,2.06E-05,1.54E-05,4.30E-07,0.017493758,3.66E-06,1.97E-06,5.47E-06,6.32E-04,0.023040891,6.71E-06,7.23E-07,8.58E-05,1.97E-06,0.002146502,2.41E-05,2.76E-06,4.21E-06,1.42E-06,2.71E-07,7.21E-05,2.03E-06,2.33E-06,0.001666957,1.25E-05,1.11E-06,0.004991579,3.17E-07,0.084169442,1.47E-06,0.021721311,0.001047421,5.33E-05,7.62E-05,2.65E-06,4.18E-06,1.58E-06,0.002559036,2.55E-06,3.29E-05,Gastrectomy
ID.10378,3.06E-05,1.61E-06,5.28E-05,5.77E-04,7.77E-05,0,9.73E-04,4.51E-04,5.34E-04,6.56E-06,6.42E-05,0,0,0,0.006208539,4.43E-06,4.86E-07,8.50E-06,1.90E-05,3.04E-07,2.30E-05,7.87E-06,3.64E-07,0.006584515,1.49E-06,7.90E-07,3.55E-06,8.58E-05,0.302924454,3.31E-06,1.55E-06,1.28E-06,1.18E-06,0.061031992,3.34E-05,2.03E-05,1.09E-05,5.56E-06,6.07E-07,8.69E-05,1.28E-06,1.61E-06,7.12E-04,5.17E-05,0,2.48E-05,0,0.001227943,6.62E-05,0.004879973,4.63E-04,8.40E-05,9.69E-05,3.28E-06,1.06E-06,9.72E-07,0.001493911,1.18E-06,1.75E-05,Healthy
ID.10244,2.56E-06,5.27E-06,4.68E-05,7.93E-05,2.43E-05,0,0.00165682,0.003840199,5.90E-05,1.51E-06,3.79E-05,2.68E-07,1.91E-07,0,0.017453261,7.64E-07,4.59E-07,1.87E-05,4.88E-05,2.48E-07,3.93E-05,1.12E-05,2.10E-07,4.32E-04,1.01E-06,1.24E-06,6.88E-07,1.18E-05,0.229959879,1.05E-06,3.06E-07,1.80E-06,1.09E-06,0.003079814,1.92E-05,1.41E-05,1.28E-05,3.61E-06,4.01E-07,2.41E-05,1.17E-06,5.16E-07,7.79E-04,5.97E-05,0,5.43E-06,0,0.001650667,1.32E-06,0.008629858,6.81E-04,5.00E-05,6.88E-05,7.83E-07,2.68E-07,7.64E-07,0.01007368,3.11E-06,5.68E-05,Healthy
ID.10291,1.07E-05,1.43E-06,2.70E-05,1.35E-05,1.67E-05,4.85E-07,5.36E-04,3.33E-04,0.005245122,0.004866902,1.88E-04,2.55E-06,6.38E-06,6.38E-07,3.41E-04,2.79E-05,9.95E-07,1.00E-05,9.63E-05,2.09E-06,1.64E-05,1.11E-05,2.07E-06,0.023941012,1.59E-05,8.03E-06,4.46E-06,2.69E-04,0.10453858,9.08E-06,1.12E-06,4.51E-05,8.59E-06,0.011521054,3.68E-05,6.81E-06,0.006559788,1.61E-06,1.07E-06,1.21E-04,7.09E-05,1.40E-06,0.008223906,2.07E-05,1.33E-04,0.001465776,1.17E-06,0.008697817,5.99E-06,0.079262703,3.02E-04,7.25E-05,5.91E-05,5.99E-06,3.19E-06,2.49E-05,0.004041295,3.87E-05,8.49E-05,Gastrectomy
ID.10647,3.38E-07,4.61E-07,1.26E-04,3.32E-04,1.19E-04,1.38E-06,8.93E-04,0.00258838,3.91E-04,1.88E-05,2.86E-05,3.60E-06,6.36E-06,3.07E-07,0.001964465,9.47E-06,5.84E-07,1.38E-05,1.84E-05,1.91E-06,1.62E-05,9.71E-06,1.35E-06,0.011578357,1.09E-05,3.20E-06,2.24E-06,5.44E-05,0.217330337,4.33E-06,7.38E-07,2.15E-06,9.13E-06,0.015849602,5.05E-05,3.40E-05,3.12E-05,4.40E-06,8.92E-07,1.06E-04,8.30E-07,2.40E-06,0.017276292,1.81E-05,1.17E-06,2.54E-05,1.63E-06,0.010250965,1.38E-05,0.02291139,2.20E-04,7.24E-05,6.89E-05,8.70E-06,0,8.05E-06,0.001177216,1.16E-05,4.02E-05,Healthy
ID.10501,7.69E-06,0,1.38E-05,9.48E-06,1.41E-06,1.23E-05,3.65E-04,8.41E-04,8.19E-04,3.36E-06,2.60E-05,2.36E-05,1.59E-05,3.08E-06,1.00E-04,3.63E-05,1.00E-06,4.52E-06,5.95E-05,2.84E-05,2.51E-05,3.96E-06,1.02E-05,0.059588587,7.54E-07,3.85E-05,2.73E-06,6.27E-05,0.225172589,1.63E-06,0,1.98E-04,1.89E-04,8.61E-05,2.26E-05,1.82E-06,1.21E-05,2.45E-05,6.91E-07,4.20E-05,5.65E-07,6.28E-07,0.001379345,3.64E-06,1.79E-05,0.044593266,2.58E-06,0.006159661,5.97E-07,0.011714321,5.82E-04,3.99E-05,3.88E-05,4.55E-06,0,5.05E-05,0.006865508,1.45E-04,3.13E-05,Gastrectomy
ID.10250,9.65E-06,6.94E-06,5.90E-04,0.002359033,4.66E-04,1.19E-06,0.004830382,0.005166569,6.11E-05,0.001055994,5.74E-05,8.94E-07,2.06E-06,5.96E-07,0.004201615,1.35E-05,1.38E-06,1.09E-05,6.86E-06,2.41E-06,1.10E-04,2.00E-05,1.30E-06,3.48E-04,2.36E-06,5.96E-06,8.94E-07,1.44E-04,0.156868039,7.10E-06,6.23E-07,1.41E-06,6.91E-05,0.014600235,5.54E-05,1.97E-05,7.03E-05,0.002162074,4.34E-07,1.66E-04,3.55E-06,3.06E-06,0.004828999,2.60E-05,1.10E-05,1.59E-05,7.32E-07,3.79E-04,2.54E-05,0.0804301,3.67E-04,1.01E-04,9.26E-05,3.01E-06,1.92E-06,5.69E-06,0.004691911,1.65E-05,5.78E-05,Healthy
ID.10519,2.62E-05,0,2.07E-05,4.53E-04,4.83E-05,9.51E-07,3.24E-04,7.71E-04,1.85E-04,1.53E-06,3.73E-05,6.79E-07,7.47E-07,0,1.40E-04,3.17E-05,2.41E-06,4.55E-06,1.36E-04,3.74E-07,1.14E-05,4.45E-06,1.70E-06,0.015708709,2.65E-06,1.97E-06,1.43E-06,8.43E-05,0.052335565,4.08E-07,0,1.87E-06,1.53E-06,0.011432402,2.21E-05,1.35E-05,5.06E-06,3.94E-06,0,2.25E-04,4.01E-06,1.53E-06,1.83E-04,3.23E-06,3.87E-05,2.55E-05,5.09E-07,0.00623346,3.80E-06,7.02E-04,0.001626805,3.63E-05,4.83E-05,2.28E-06,3.08E-05,7.81E-07,1.58E-04,1.55E-05,9.82E-06,Healthy
ID.10540,1.15E-04,4.00E-06,1.37E-05,7.65E-06,9.56E-07,2.59E-05,4.34E-04,4.84E-04,5.33E-04,0.0013226,1.88E-05,1.26E-04,1.07E-04,1.31E-05,0.001078485,7.05E-06,7.89E-06,1.23E-05,5.75E-05,3.11E-05,1.08E-05,9.65E-06,5.27E-05,0.008642639,2.09E-05,2.64E-04,8.16E-06,1.36E-05,0.093269608,8.16E-06,7.17E-07,1.30E-05,6.47E-04,1.78E-04,2.25E-05,2.27E-05,0.005552029,1.14E-06,1.82E-06,5.78E-05,9.20E-06,8.07E-07,0.020140945,2.19E-05,1.59E-05,5.64E-04,1.80E-05,0.003020444,0,0.0076778,6.78E-04,2.05E-05,3.65E-05,1.30E-05,9.80E-06,9.37E-05,0.004702928,0.001763886,1.90E-04,Gastrectomy
ID.10733,8.45E-06,1.16E-06,3.52E-05,0.001687074,4.44E-05,0,0.005227308,0.001788112,4.06E-05,7.24E-07,8.88E-05,2.63E-07,9.66E-07,4.61E-07,0.013175771,6.45E-06,5.05E-07,5.16E-05,1.38E-04,2.63E-07,4.07E-05,1.11E-05,1.05E-06,0.01077397,7.62E-06,1.54E-06,1.08E-06,5.49E-05,0.297007032,1.21E-06,5.75E-06,3.29E-07,1.29E-06,0.007943174,1.14E-04,8.87E-06,1.54E-06,2.77E-06,0,4.65E-05,6.80E-07,5.35E-06,0.002909449,3.28E-05,3.56E-06,4.41E-05,2.85E-07,7.97E-04,3.82E-06,0.00255338,3.36E-04,8.05E-05,1.20E-04,5.11E-06,0,1.05E-06,0.007153305,5.40E-06,2.71E-04,Healthy
ID.10219,4.91E-06,2.17E-06,9.54E-05,0.001893356,5.65E-05,1.88E-06,0.001117959,0.002310546,8.19E-05,5.96E-06,5.91E-05,1.17E-06,6.11E-06,8.40E-07,0.012726513,2.27E-06,1.02E-06,1.60E-05,7.42E-05,9.39E-07,1.02E-04,1.20E-05,9.58E-06,0.001628913,4.50E-06,6.54E-06,4.94E-07,1.81E-05,0.420965969,2.27E-06,4.45E-07,4.76E-06,4.69E-05,0.005719588,5.12E-05,2.19E-06,3.38E-06,3.24E-06,5.27E-07,7.64E-05,3.95E-07,1.78E-06,0.00133394,1.54E-05,0,1.38E-05,1.19E-06,3.73E-04,3.59E-06,0.004873696,4.55E-04,7.10E-05,7.30E-05,9.55E-07,2.57E-06,3.16E-06,0.001240704,2.77E-05,1.69E-05,Healthy
ID.10563,1.29E-05,1.52E-06,1.68E-05,1.20E-05,9.41E-06,1.37E-06,0.001307209,3.13E-04,0.002903299,1.92E-04,2.83E-05,1.13E-06,1.63E-05,1.23E-06,5.11E-05,1.43E-05,1.90E-06,1.04E-05,2.28E-04,1.69E-06,1.01E-05,1.43E-05,2.36E-06,0.049661117,1.66E-06,8.71E-06,5.32E-06,0.003792503,0.06698549,1.45E-06,4.23E-07,1.54E-04,2.21E-05,0.002482227,4.93E-05,5.08E-06,1.78E-04,6.70E-07,0,4.57E-05,3.84E-06,6.91E-06,0.001321662,2.86E-06,1.87E-05,0.021025435,4.65E-06,0.011354738,1.90E-06,0.025499762,0.001121507,1.70E-05,6.72E-05,1.97E-06,3.00E-06,3.53E-06,0.005297928,2.70E-05,1.08E-04,Gastrectomy
ID.10369,2.14E-04,5.83E-06,7.57E-06,3.54E-06,2.10E-06,4.43E-07,4.00E-04,4.66E-04,1.89E-04,1.99E-06,1.17E-05,2.21E-06,0,5.54E-07,5.94E-05,2.01E-05,2.55E-06,1.59E-06,6.11E-05,0,6.16E-06,4.61E-06,7.75E-07,0.013878028,4.06E-05,2.95E-06,1.86E-05,6.64E-04,0.137124662,1.43E-05,0,1.22E-06,7.75E-06,2.04E-04,1.10E-05,1.66E-06,5.20E-06,1.85E-06,1.48E-06,1.69E-05,1.73E-06,8.86E-07,0.00470585,1.62E-06,3.57E-05,0.002661843,0,0.006004492,2.44E-06,0.012606664,0.056917651,1.07E-05,1.86E-05,1.24E-05,3.25E-06,9.78E-06,0.004428788,3.21E-06,1.84E-05,Gastrectomy
ID.10355,1.93E-05,1.26E-06,1.85E-05,2.77E-06,3.83E-06,2.81E-06,0.001745729,1.80E-04,3.60E-04,9.11E-06,3.63E-05,9.15E-07,9.15E-07,3.27E-07,2.17E-04,6.64E-06,7.62E-07,4.71E-06,2.07E-05,2.03E-06,1.84E-05,9.63E-06,1.73E-05,0.008971698,1.23E-05,5.79E-05,3.11E-06,5.65E-04,0.079148303,2.49E-05,5.66E-07,7.34E-06,3.64E-05,2.79E-04,2.78E-05,8.78E-06,5.23E-06,1.42E-06,3.49E-07,7.42E-05,1.48E-06,1.74E-06,0.018534773,4.60E-06,3.40E-04,0.002483661,1.31E-06,0.001058399,2.61E-07,0.021331822,0.059163718,7.14E-06,4.89E-05,1.25E-04,2.33E-06,3.71E-05,0.005228518,2.17E-05,1.79E-04,Gastrectomy
ID.10058,3.71E-05,3.78E-07,4.28E-05,4.80E-05,3.04E-06,0,0.001402639,8.71E-04,9.65E-05,4.93E-06,6.66E-05,3.96E-07,5.10E-07,8.12E-07,6.95E-04,4.85E-06,1.68E-06,9.89E-06,9.17E-05,3.78E-07,5.29E-05,2.15E-05,4.72E-07,0.001222162,3.68E-06,1.72E-06,3.66E-06,5.60E-05,0.030014048,4.17E-06,1.15E-06,3.59E-07,1.57E-06,0.006642385,3.61E-05,2.85E-05,1.87E-05,1.00E-06,0,2.72E-04,3.93E-06,2.23E-06,5.10E-04,8.72E-06,8.33E-04,4.38E-04,0,4.02E-04,2.79E-06,9.82E-04,0.071804421,3.09E-05,1.52E-04,2.49E-06,4.49E-06,2.49E-06,0.001408511,5.25E-06,1.70E-05,Healthy
ID.10176,1.28E-05,2.62E-06,3.13E-05,9.37E-05,3.58E-05,1.98E-06,9.03E-04,2.18E-04,9.20E-04,9.09E-05,6.89E-05,4.00E-06,1.20E-05,2.76E-06,2.13E-04,4.22E-06,3.86E-07,9.67E-06,1.00E-05,1.50E-05,1.57E-05,2.13E-05,1.23E-05,0.007899609,7.12E-05,1.70E-05,3.69E-06,2.12E-04,0.105358468,2.04E-05,7.99E-07,2.43E-06,0.001406125,0.002244217,3.75E-05,2.98E-06,0.001697623,1.43E-06,6.61E-07,3.85E-05,4.74E-06,1.68E-06,0.018342897,2.95E-06,5.55E-05,0.005531798,1.43E-06,0.003097713,6.89E-07,0.030729314,0.005476602,4.41E-06,6.62E-05,3.11E-05,1.43E-06,3.21E-04,0.002348217,1.36E-04,5.69E-04,Gastrectomy
ID.10048,8.18E-06,2.76E-06,1.18E-04,8.29E-04,2.11E-04,0,0.001275183,2.05E-04,1.93E-04,3.12E-05,4.75E-05,6.10E-07,6.10E-07,8.14E-07,0.002454092,1.31E-05,4.52E-07,1.50E-05,1.85E-05,7.24E-07,2.85E-05,1.58E-05,0,2.38E-04,5.65E-06,9.95E-07,2.22E-06,9.64E-05,0.193959678,7.12E-06,4.45E-06,3.21E-06,1.85E-06,0.058430156,8.20E-05,2.29E-04,1.15E-04,8.00E-06,4.30E-07,9.66E-05,5.20E-06,7.57E-06,0.006632356,3.07E-05,1.56E-06,4.39E-04,0,0.001724828,3.11E-05,0.032105329,2.20E-04,7.62E-06,1.14E-04,5.43E-06,2.40E-06,2.83E-06,0.00104707,7.69E-07,5.91E-05,Healthy
ID.10451,3.40E-06,3.00E-06,7.29E-05,3.25E-04,1.15E-04,0,6.29E-04,0.001524176,0.001925391,0.002792002,4.43E-05,0,0,0,3.65E-04,2.10E-05,6.63E-07,5.86E-06,1.65E-04,2.65E-07,1.18E-05,8.86E-06,0,0.024895542,8.76E-07,5.57E-07,3.21E-06,0.003075654,0.103365931,2.28E-06,2.20E-06,3.98E-06,1.03E-06,0.024450019,2.85E-05,4.72E-06,0.009066709,9.55E-07,3.71E-07,2.28E-04,1.53E-04,2.87E-06,0.00102084,4.57E-05,2.89E-05,0.006762947,0,0.008451939,1.04E-05,0.017847457,5.00E-04,1.12E-04,1.72E-04,3.74E-06,7.77E-06,9.02E-07,0.002783352,2.92E-06,6.70E-05,Gastrectomy
ID.10751,8.97E-06,3.33E-06,8.26E-06,2.24E-05,9.22E-07,2.69E-05,4.42E-04,6.28E-04,1.43E-05,5.45E-07,1.90E-05,1.69E-04,3.44E-05,1.12E-05,0.004429634,2.28E-05,1.53E-06,5.93E-06,6.18E-06,8.32E-06,7.71E-06,4.25E-06,1.93E-05,0.001527191,2.84E-05,7.64E-05,2.01E-06,1.80E-05,0.216452856,2.67E-05,5.03E-06,5.66E-07,3.70E-04,2.59E-04,2.25E-05,1.00E-05,6.60E-06,1.32E-06,1.70E-06,2.98E-05,2.12E-06,3.98E-07,0.011828616,6.92E-07,8.92E-05,4.21E-06,2.23E-05,1.02E-04,0,0.007317322,2.10E-04,2.60E-05,5.78E-05,1.99E-05,0,4.37E-04,8.66E-05,2.22E-04,1.52E-04,Gastrectomy
ID.10105,2.44E-04,2.82E-07,1.66E-05,1.05E-04,3.66E-05,0,0.001146678,2.46E-04,0.00510997,2.85E-06,2.97E-05,0,0,0,3.46E-04,4.58E-05,8.24E-07,3.60E-06,7.03E-05,0,1.36E-05,1.21E-05,2.82E-07,0.018173628,3.22E-06,4.47E-07,4.80E-06,0.001627419,0.026672245,2.35E-06,4.94E-07,7.86E-06,3.76E-07,0.00833615,3.64E-05,1.71E-04,7.11E-06,3.39E-06,9.65E-07,3.57E-05,3.06E-06,1.86E-06,8.71E-04,8.07E-06,4.00E-07,0.002537374,0,0.011478238,6.28E-06,0.00269384,8.78E-04,3.20E-05,5.08E-05,4.21E-06,3.02E-05,8.24E-07,1.74E-04,0,1.21E-05,Healthy
ID.10703,1.71E-06,1.73E-06,6.70E-06,3.30E-05,1.21E-05,3.29E-06,4.56E-04,8.41E-04,3.80E-04,2.46E-06,3.58E-05,3.88E-06,3.50E-05,1.92E-06,1.38E-04,7.82E-06,1.63E-06,4.05E-06,9.47E-05,7.72E-06,2.35E-05,9.48E-06,8.79E-06,0.032843794,1.58E-05,3.02E-05,2.65E-06,0.001906247,0.113243481,1.29E-05,0,8.89E-05,4.74E-05,9.95E-04,3.51E-05,1.99E-06,4.29E-06,8.29E-07,1.82E-06,5.55E-05,5.92E-07,5.69E-07,0.011589609,3.39E-06,0.001373395,0.020095172,4.22E-06,0.002110703,1.21E-06,0.013219693,3.34E-04,2.85E-05,3.85E-05,1.49E-05,2.63E-06,4.86E-06,0.011893083,4.88E-04,1.03E-04,Gastrectomy
ID.10599,4.66E-05,5.01E-06,2.07E-05,4.30E-05,2.65E-06,1.72E-05,4.32E-04,1.07E-04,7.87E-05,0.033451197,2.16E-05,3.54E-05,5.50E-05,6.26E-06,4.40E-04,2.45E-05,2.16E-06,4.01E-06,7.52E-05,3.03E-05,1.59E-05,4.29E-06,8.45E-05,0.004591642,1.81E-06,1.21E-04,2.53E-06,7.07E-05,0.167078989,8.57E-06,4.96E-07,1.21E-06,4.09E-04,0.022050713,2.15E-05,3.30E-06,4.96E-05,1.38E-06,2.16E-07,4.88E-05,7.34E-06,1.70E-06,0.006405388,3.99E-06,4.96E-07,6.03E-04,2.58E-05,0.001189704,1.09E-05,0.020230882,1.94E-04,3.15E-06,3.98E-05,1.99E-06,2.72E-06,9.61E-05,0.002022205,9.59E-04,8.70E-05,Gastrectomy
ID.10080,4.50E-06,1.31E-06,2.92E-05,9.90E-04,2.01E-05,3.47E-06,0.002430087,6.79E-05,8.30E-05,0.002636779,4.36E-04,1.00E-05,1.33E-05,4.71E-06,0.07888428,1.68E-06,2.62E-07,7.38E-05,7.73E-05,7.29E-06,1.32E-04,1.60E-05,4.08E-05,0.010377353,7.94E-06,5.02E-05,2.42E-06,1.04E-05,2.23E-04,4.39E-06,4.58E-07,0,2.35E-04,0.3912644,2.02E-04,1.93E-05,3.16E-05,1.91E-05,0,3.28E-05,9.08E-06,5.92E-04,0.014827699,1.32E-04,0,2.47E-05,8.23E-06,1.03E-04,8.91E-05,0.081953171,1.53E-04,3.27E-07,1.31E-04,3.54E-06,1.51E-06,9.64E-05,5.30E-05,3.50E-04,1.27E-04,Healthy
ID.10807,1.26E-06,4.11E-07,6.76E-06,2.48E-04,7.23E-06,5.99E-05,7.88E-04,0.003438746,3.42E-05,1.17E-04,4.08E-05,5.77E-05,8.94E-05,1.06E-05,0.004873909,7.39E-07,4.93E-07,7.75E-06,1.64E-06,2.83E-05,5.28E-06,4.87E-06,1.44E-04,3.36E-04,5.36E-06,5.66E-04,3.67E-06,8.76E-06,0.264773507,2.76E-06,4.65E-07,3.80E-06,0.001466773,0.002883489,2.35E-05,5.91E-06,3.83E-05,5.28E-06,2.74E-07,1.33E-05,7.39E-07,7.17E-05,0.025673938,2.57E-06,0,3.42E-06,3.91E-05,1.83E-04,1.37E-06,0.004084621,1.53E-04,9.18E-05,1.86E-05,1.90E-05,4.38E-06,5.57E-04,0.007727347,8.22E-04,1.44E-04,Healthy
ID.10395,4.62E-05,1.43E-04,1.34E-05,3.25E-05,0,1.19E-05,5.03E-04,0.001111368,3.77E-05,2.43E-05,4.34E-05,2.89E-05,3.50E-05,6.37E-06,0.004785428,3.80E-06,0,1.06E-05,9.49E-06,5.83E-06,4.96E-05,5.83E-06,9.47E-05,5.14E-04,1.69E-05,5.22E-05,2.71E-06,1.45E-05,0.527896971,2.53E-05,3.80E-06,1.90E-06,0.004300433,0.00139331,2.18E-05,1.66E-04,1.68E-05,4.34E-06,3.39E-06,2.21E-05,2.85E-06,0,0.022636714,5.56E-06,8.13E-06,1.01E-04,8.81E-06,1.53E-04,0,0.005445282,2.97E-04,2.94E-05,3.44E-05,2.03E-06,2.17E-06,1.25E-04,9.85E-05,2.33E-04,1.57E-04,Gastrectomy
ID.10742,5.69E-06,3.54E-06,6.25E-06,3.54E-06,6.39E-06,2.06E-05,1.99E-04,2.22E-05,2.47E-05,2.46E-05,2.65E-05,3.40E-05,3.85E-05,4.83E-06,9.38E-05,7.81E-06,2.59E-06,1.95E-06,4.16E-06,1.45E-05,1.88E-05,6.00E-06,6.32E-05,0.004434186,1.31E-05,1.60E-04,8.98E-06,0.001811426,0.189754291,1.02E-05,1.03E-06,2.79E-07,2.18E-04,0.002536515,1.23E-05,1.07E-04,2.53E-05,1.20E-06,0,2.69E-05,1.73E-06,4.46E-07,0.01348724,7.70E-06,4.08E-04,3.85E-06,1.15E-05,0.00013326,3.24E-06,0.042795025,0.028050688,8.71E-06,2.14E-05,3.09E-04,1.20E-06,1.13E-04,0.005030479,4.80E-04,6.40E-04,Gastrectomy
ID.10321,8.23E-05,4.53E-06,1.23E-05,2.68E-04,1.49E-05,1.17E-05,2.59E-04,3.79E-04,4.03E-04,4.86E-05,2.31E-05,2.65E-05,5.58E-05,4.30E-06,1.83E-04,8.13E-06,4.30E-06,3.14E-06,2.96E-05,2.78E-05,2.91E-05,4.53E-06,8.12E-05,0.004842836,6.04E-06,1.31E-04,3.37E-06,2.74E-05,0.095005204,1.63E-06,0,1.74E-06,6.47E-04,6.06E-04,1.32E-05,3.60E-06,3.95E-06,0,0,5.07E-05,2.09E-06,0,0.003184822,0,1.34E-04,0.003851537,1.26E-05,0.001990034,0,0.011335085,0.001479626,2.01E-05,3.73E-05,1.03E-05,5.11E-06,2.35E-04,0.012523597,6.34E-04,6.44E-05,Gastrectomy
ID.10302,3.92E-05,5.85E-06,4.08E-05,2.05E-04,8.86E-05,6.35E-07,5.54E-04,3.51E-04,0.001602388,1.54E-06,4.15E-05,5.89E-07,2.81E-06,1.09E-06,2.03E-04,6.62E-06,1.63E-06,6.39E-06,6.52E-05,1.31E-06,9.93E-06,7.80E-06,1.99E-06,0.00590586,2.13E-06,3.99E-06,2.77E-06,5.44E-05,0.057508037,0,0,1.50E-06,1.41E-05,0.049641234,2.48E-05,5.08E-06,3.04E-06,7.04E-05,1.31E-06,1.11E-04,1.27E-06,1.72E-06,1.48E-04,6.98E-06,2.21E-04,0.001012912,1.09E-06,0.001359089,2.36E-05,0.00317349,0.001040344,1.37E-04,6.93E-05,7.25E-07,5.21E-05,5.85E-06,0.00190812,1.46E-05,3.26E-06,Healthy
ID.10810,2.63E-05,1.60E-06,1.16E-05,3.78E-06,4.96E-06,2.22E-06,2.61E-04,1.41E-04,6.45E-04,2.57E-05,6.37E-06,4.70E-06,3.57E-06,2.59E-06,4.95E-05,2.09E-05,1.07E-06,2.52E-06,3.47E-04,1.88E-06,1.10E-05,8.04E-06,7.80E-06,0.012734482,9.41E-06,1.96E-05,5.84E-06,0.001096748,0.139420801,7.76E-06,4.92E-07,2.82E-05,8.05E-04,6.22E-04,1.50E-05,1.84E-06,3.01E-06,7.48E-07,2.35E-07,1.52E-05,1.75E-06,3.63E-07,0.006780381,2.37E-06,3.48E-04,0.02122534,2.54E-06,0.002309819,5.13E-07,0.004443988,0.002405491,5.11E-06,2.21E-05,6.95E-05,3.10E-06,1.05E-05,0.006575933,4.25E-05,6.06E-05,Gastrectomy
ID.10167,9.97E-06,7.49E-06,2.68E-05,8.01E-06,1.38E-05,8.37E-06,4.85E-04,1.57E-04,1.99E-04,0.001834167,2.75E-05,8.63E-06,2.20E-05,8.73E-06,2.58E-04,8.27E-06,2.35E-06,7.49E-06,3.00E-05,8.34E-06,1.17E-05,8.04E-06,2.99E-05,8.89E-04,7.45E-06,7.53E-05,3.50E-06,4.32E-04,0.018336673,5.88E-06,7.19E-07,3.20E-06,3.13E-04,0.001800989,3.34E-05,1.33E-04,9.37E-04,6.86E-07,5.56E-07,9.60E-05,2.55E-05,4.41E-06,0.003874234,1.36E-05,5.97E-04,0.001534455,2.43E-05,8.43E-04,8.83E-07,0.081948111,0.001577635,6.67E-06,5.61E-05,7.85E-06,6.08E-06,5.19E-05,2.92E-04,2.79E-04,9.28E-05,Gastrectomy
ID.10659,5.28E-07,3.13E-07,2.52E-06,4.35E-04,1.01E-05,2.97E-07,0.003991403,0.001341463,2.09E-05,0.008678655,1.26E-04,1.17E-06,2.42E-06,2.31E-07,0.169640364,8.91E-07,5.59E-06,6.53E-05,2.02E-05,2.21E-06,1.69E-04,3.92E-05,5.16E-06,1.41E-04,5.20E-06,1.82E-05,5.53E-06,8.30E-06,0.071794761,9.01E-06,0,1.16E-05,1.37E-05,0.061198152,8.64E-05,3.03E-05,0.068977666,8.72E-06,7.42E-07,1.10E-04,6.11E-04,1.32E-05,0.038182589,1.51E-05,6.44E-04,2.82E-06,1.50E-06,1.90E-04,2.28E-05,0.174139482,1.04E-04,1.06E-05,1.68E-04,4.95E-05,0,2.16E-06,8.86E-05,4.95E-05,5.26E-04,Healthy
ID.10231,1.12E-04,2.40E-06,6.15E-04,6.90E-05,3.80E-05,1.51E-05,3.09E-04,0.00109294,2.50E-04,2.44E-04,1.29E-05,9.96E-06,3.67E-05,2.08E-06,7.03E-04,2.22E-05,2.98E-06,7.40E-06,6.68E-06,6.00E-06,6.64E-06,6.48E-06,3.15E-04,0.011575087,7.60E-07,7.34E-05,1.74E-06,5.83E-05,0.045502095,1.12E-06,0,2.78E-06,5.36E-04,0.008635635,1.38E-05,3.48E-05,8.82E-06,1.16E-06,3.60E-07,3.04E-04,1.72E-06,1.80E-06,2.23E-04,1.90E-06,0,0.002579506,3.00E-06,7.05E-04,7.96E-06,0.002561026,0.063006609,6.82E-05,2.22E-05,1.14E-06,2.80E-05,7.21E-05,0.003811008,8.29E-04,9.18E-06,Healthy
ID.10690,3.55E-05,4.66E-06,2.05E-05,4.87E-06,1.26E-05,2.75E-06,4.01E-04,4.71E-04,0.001003603,2.62E-06,1.95E-05,3.85E-06,3.39E-05,2.04E-06,6.29E-05,5.11E-06,2.23E-06,3.30E-06,1.27E-04,4.25E-06,7.57E-06,7.13E-06,3.41E-06,0.006136341,4.56E-06,1.94E-05,1.39E-06,2.48E-04,0.00465051,5.66E-06,1.62E-06,5.98E-05,3.62E-05,1.13E-04,2.46E-05,1.89E-06,5.11E-06,1.21E-06,4.19E-07,3.25E-05,1.44E-06,7.34E-07,0.012034673,1.78E-06,4.01E-04,0.00793135,3.35E-06,0.003601495,2.44E-06,0.040183575,0.041760385,1.80E-05,3.76E-05,1.57E-05,8.73E-06,2.88E-06,0.003276123,1.44E-04,7.44E-05,Gastrectomy
ID.10457,1.83E-06,4.04E-06,2.98E-05,1.02E-04,2.58E-06,5.70E-07,3.22E-04,0.008970626,5.36E-05,4.68E-06,3.41E-05,2.68E-06,9.22E-06,2.11E-06,1.24E-04,6.44E-06,1.81E-06,2.01E-06,3.49E-06,5.16E-06,1.74E-05,3.10E-06,7.66E-06,0.044948459,2.57E-05,5.43E-06,4.29E-06,1.82E-05,0.110682186,1.00E-05,4.61E-06,4.71E-07,4.58E-05,0.002800664,1.77E-05,4.04E-06,2.28E-06,1.26E-06,6.20E-07,1.81E-05,7.93E-07,1.81E-06,0.013876509,1.07E-05,1.54E-04,4.66E-06,1.26E-06,1.68E-04,1.34E-06,0.004597188,3.87E-04,1.32E-05,2.32E-05,4.63E-05,8.92E-07,1.06E-05,1.68E-04,6.54E-05,1.27E-04,Gastrectomy
ID.10698,2.01E-05,0,1.61E-05,1.12E-05,1.26E-05,3.31E-06,6.05E-04,0.001025543,0.001834572,2.93E-05,2.60E-05,1.14E-05,1.18E-05,1.65E-06,3.90E-04,5.63E-06,4.72E-07,9.92E-06,1.49E-05,5.87E-06,9.51E-06,1.06E-05,1.98E-05,0.003216959,1.82E-06,3.41E-05,1.52E-06,4.82E-05,0.027140853,1.15E-06,0,6.44E-06,6.60E-05,0.001857572,4.13E-05,8.36E-06,6.81E-06,5.05E-05,0,4.18E-05,4.15E-06,4.79E-06,0.001580285,5.33E-06,1.75E-06,0.001841047,1.99E-06,0.004927827,1.08E-06,0.02668651,0.00146734,2.94E-05,5.17E-05,1.75E-06,7.42E-07,1.60E-05,0.002076413,1.32E-04,2.99E-05,Healthy
ID.10782,3.14E-05,4.14E-06,1.25E-05,4.59E-06,2.91E-05,9.47E-06,6.60E-04,3.05E-04,2.13E-04,8.52E-05,3.32E-05,9.73E-06,4.04E-05,2.78E-06,1.30E-04,5.39E-05,2.74E-06,5.41E-06,3.86E-05,1.71E-05,1.04E-05,5.41E-06,3.43E-05,0.013357742,7.03E-06,6.02E-05,1.95E-06,1.10E-04,0.224267222,5.44E-06,7.94E-07,9.83E-07,1.93E-04,5.39E-04,3.93E-05,1.68E-05,7.88E-06,1.11E-05,1.36E-06,3.40E-05,1.76E-06,1.00E-06,0.031002213,4.59E-06,7.89E-05,0.004468469,5.59E-06,0.006773588,7.37E-07,0.014128723,2.43E-04,9.30E-05,4.16E-05,7.77E-06,5.10E-07,7.16E-05,0.006009165,7.41E-04,2.40E-05,Gastrectomy
ID.10340,8.90E-05,1.86E-06,5.40E-05,6.21E-04,2.56E-05,0,2.18E-04,0.001035222,4.42E-04,1.54E-06,2.59E-05,0,0,4.86E-07,5.27E-05,4.78E-06,2.19E-06,7.94E-06,3.97E-06,0,1.00E-05,1.19E-05,0,0.010702869,5.38E-06,1.17E-06,2.35E-06,2.28E-05,0.028713305,1.47E-05,6.48E-07,2.19E-06,4.45E-07,0.018329302,2.26E-05,1.11E-05,3.48E-06,6.88E-07,0,5.28E-05,1.13E-06,2.23E-06,7.37E-04,7.89E-06,7.69E-06,0.003121901,0,0.002269675,9.60E-06,8.66E-04,0.048856169,3.24E-06,2.97E-05,5.75E-06,0,1.01E-06,0.001851133,0,2.43E-05,Healthy
ID.10189,4.35E-05,4.40E-06,1.03E-04,8.11E-05,7.00E-05,1.64E-06,4.69E-04,5.40E-04,0.005605561,4.76E-06,4.00E-05,3.25E-06,1.83E-05,3.59E-07,8.06E-05,4.52E-05,1.21E-06,1.53E-05,2.94E-04,9.43E-06,6.44E-06,7.38E-06,5.03E-06,0.071808056,1.36E-05,1.13E-05,3.82E-06,2.62E-04,0.091114118,7.34E-06,1.21E-06,1.33E-04,4.40E-05,9.70E-04,2.92E-05,3.95E-06,5.45E-06,1.82E-06,9.65E-07,6.02E-05,6.28E-07,1.55E-06,0.005688541,6.62E-06,1.48E-05,0.018880612,2.04E-06,0.017363023,1.44E-06,0.011332484,5.91E-04,3.02E-05,4.22E-05,4.85E-06,2.06E-06,4.43E-05,0.005962463,9.26E-04,1.41E-05,Gastrectomy
ID.10226,3.17E-05,3.07E-06,2.92E-05,3.89E-06,9.81E-06,0,0.001572915,2.11E-04,0.00160902,3.95E-06,3.33E-05,0,0,9.67E-07,7.03E-04,2.08E-05,1.11E-06,1.06E-05,5.78E-05,4.55E-07,1.08E-05,1.46E-05,0,0.008390936,5.17E-06,4.07E-06,2.62E-06,6.09E-05,0.149331223,4.80E-06,9.38E-07,1.02E-05,7.11E-07,0.010298089,3.14E-05,2.37E-05,7.02E-06,2.47E-06,8.53E-07,7.00E-05,1.68E-06,2.81E-06,0.003558532,1.28E-05,1.76E-04,0.001345029,0,0.004201992,7.22E-06,0.005788837,0.003331357,4.95E-05,7.11E-05,1.25E-06,9.38E-07,4.26E-07,4.83E-04,9.38E-07,8.16E-06,Healthy
ID.10106,2.42E-06,2.93E-07,4.15E-05,5.86E-04,2.12E-05,0,4.27E-04,0.001402782,1.28E-04,2.93E-06,3.85E-05,0,8.06E-07,0,0.001065162,1.79E-05,6.84E-07,1.20E-05,3.09E-05,1.69E-06,1.18E-05,5.40E-06,3.66E-07,0.008858573,3.13E-06,1.66E-06,3.57E-06,6.07E-05,0.478884408,1.46E-05,0,1.47E-06,4.84E-06,0.013335922,2.53E-05,3.10E-06,3.28E-05,3.11E-05,4.15E-07,6.86E-05,5.86E-07,8.79E-07,0.001389591,2.24E-05,3.18E-07,0.002371478,0,0.001597401,9.94E-06,0.026922866,5.38E-04,3.79E-05,4.08E-05,8.06E-07,6.11E-07,4.79E-06,0.005103147,8.26E-06,1.33E-05,Healthy
